Model,RMSE,MAE,MAPE
Moving Average,191887.31389659864,162693.3946679547,18.94558506495997
Exponential Smoothing,53633.940124107314,44410.74134193797,4.815472128990355
ARIMA,206088.99780136967,171120.82521330082,20.02789437882302
SARIMA,83994.56489414278,65217.2083075589,6.759358808881723
Prophet,149911.13721318508,120196.06038756079,12.43123200575068
